Human,"{'name': None, 'cache': None, 'verbose': False, 'callbacks': None, 'tags': None, 'metadata': None, 'base_url': 'http://localhost:11434', 'model': 'llama2', 'mirostat': None, 'mirostat_eta': None, 'mirostat_tau': None, 'num_ctx': None, 'num_gpu': None, 'num_thread': None, 'num_predict': None, 'repeat_last_n': None, 'repeat_penalty': None, 'temperature': 0.0, 'stop': None, 'tfs_z': None, 'top_k': None, 'top_p': None, 'system': None, 'template': None, 'format': None, 'timeout': None, 'keep_alive': None, 'headers': None, 'callback_manager': None}",,,,1,LLM vs Human
Human,"{'name': None, 'cache': None, 'verbose': False, 'callbacks': None, 'tags': None, 'metadata': None, 'base_url': 'http://localhost:11434', 'model': 'llama2', 'mirostat': None, 'mirostat_eta': None, 'mirostat_tau': None, 'num_ctx': None, 'num_gpu': None, 'num_thread': None, 'num_predict': None, 'repeat_last_n': None, 'repeat_penalty': None, 'temperature': 0.0, 'stop': None, 'tfs_z': None, 'top_k': None, 'top_p': None, 'system': None, 'template': None, 'format': None, 'timeout': None, 'keep_alive': None, 'headers': None, 'callback_manager': None}",,,,1,LLM vs Human
Human,"{'name': None, 'cache': None, 'verbose': False, 'callbacks': None, 'tags': None, 'metadata': None, 'base_url': 'http://localhost:11434', 'model': 'llama2', 'mirostat': None, 'mirostat_eta': None, 'mirostat_tau': None, 'num_ctx': None, 'num_gpu': None, 'num_thread': None, 'num_predict': None, 'repeat_last_n': None, 'repeat_penalty': None, 'temperature': 0.0, 'stop': None, 'tfs_z': None, 'top_k': None, 'top_p': None, 'system': None, 'template': None, 'format': None, 'timeout': None, 'keep_alive': None, 'headers': None, 'callback_manager': None}",,,,1,LLM vs Human
Human,"{'name': None, 'cache': None, 'verbose': False, 'callbacks': None, 'tags': None, 'metadata': None, 'base_url': 'http://localhost:11434', 'model': 'llama2', 'mirostat': None, 'mirostat_eta': None, 'mirostat_tau': None, 'num_ctx': None, 'num_gpu': None, 'num_thread': None, 'num_predict': None, 'repeat_last_n': None, 'repeat_penalty': None, 'temperature': 0.0, 'stop': None, 'tfs_z': None, 'top_k': None, 'top_p': None, 'system': None, 'template': None, 'format': None, 'timeout': None, 'keep_alive': None, 'headers': None, 'callback_manager': None}",,,,1,LLM vs Human
"{'name': None, 'cache': None, 'verbose': False, 'callbacks': None, 'tags': None, 'metadata': None, 'base_url': 'http://localhost:11434', 'model': 'llama2', 'mirostat': None, 'mirostat_eta': None, 'mirostat_tau': None, 'num_ctx': None, 'num_gpu': None, 'num_thread': None, 'num_predict': None, 'repeat_last_n': None, 'repeat_penalty': None, 'temperature': 0.0, 'stop': None, 'tfs_z': None, 'top_k': None, 'top_p': None, 'system': None, 'template': None, 'format': None, 'timeout': None, 'keep_alive': None, 'headers': None, 'callback_manager': None}",Human,,,,0,LLM vs Human
"{'name': None, 'cache': None, 'verbose': False, 'callbacks': None, 'tags': None, 'metadata': None, 'base_url': 'http://localhost:11434', 'model': 'llama2', 'mirostat': None, 'mirostat_eta': None, 'mirostat_tau': None, 'num_ctx': None, 'num_gpu': None, 'num_thread': None, 'num_predict': None, 'repeat_last_n': None, 'repeat_penalty': None, 'temperature': 0.0, 'stop': None, 'tfs_z': None, 'top_k': None, 'top_p': None, 'system': None, 'template': None, 'format': None, 'timeout': None, 'keep_alive': None, 'headers': None, 'callback_manager': None}",Human,,,,0,LLM vs Human
"{'name': None, 'cache': None, 'verbose': False, 'callbacks': None, 'tags': None, 'metadata': None, 'base_url': 'http://localhost:11434', 'model': 'llama2', 'mirostat': None, 'mirostat_eta': None, 'mirostat_tau': None, 'num_ctx': None, 'num_gpu': None, 'num_thread': None, 'num_predict': None, 'repeat_last_n': None, 'repeat_penalty': None, 'temperature': 0.0, 'stop': None, 'tfs_z': None, 'top_k': None, 'top_p': None, 'system': None, 'template': None, 'format': None, 'timeout': None, 'keep_alive': None, 'headers': None, 'callback_manager': None}",Human,,,,1,LLM vs Human
"{'name': None, 'cache': None, 'verbose': False, 'callbacks': None, 'tags': None, 'metadata': None, 'base_url': 'http://localhost:11434', 'model': 'llama2', 'mirostat': None, 'mirostat_eta': None, 'mirostat_tau': None, 'num_ctx': None, 'num_gpu': None, 'num_thread': None, 'num_predict': None, 'repeat_last_n': None, 'repeat_penalty': None, 'temperature': 0.0, 'stop': None, 'tfs_z': None, 'top_k': None, 'top_p': None, 'system': None, 'template': None, 'format': None, 'timeout': None, 'keep_alive': None, 'headers': None, 'callback_manager': None}",Human,,,,1,LLM vs Human
"{'name': None, 'cache': None, 'verbose': False, 'callbacks': None, 'tags': None, 'metadata': None, 'base_url': 'http://localhost:11434', 'model': 'llama2', 'mirostat': None, 'mirostat_eta': None, 'mirostat_tau': None, 'num_ctx': None, 'num_gpu': None, 'num_thread': None, 'num_predict': None, 'repeat_last_n': None, 'repeat_penalty': None, 'temperature': 0.0, 'stop': None, 'tfs_z': None, 'top_k': None, 'top_p': None, 'system': None, 'template': None, 'format': None, 'timeout': None, 'keep_alive': None, 'headers': None, 'callback_manager': None}",Human,,,,1,LLM vs Human
"{'name': None, 'cache': None, 'verbose': False, 'callbacks': None, 'tags': None, 'metadata': None, 'base_url': 'http://localhost:11434', 'model': 'llama2', 'mirostat': None, 'mirostat_eta': None, 'mirostat_tau': None, 'num_ctx': None, 'num_gpu': None, 'num_thread': None, 'num_predict': None, 'repeat_last_n': None, 'repeat_penalty': None, 'temperature': 0.0, 'stop': None, 'tfs_z': None, 'top_k': None, 'top_p': None, 'system': None, 'template': None, 'format': None, 'timeout': None, 'keep_alive': None, 'headers': None, 'callback_manager': None}",Human,,,,1,LLM vs Human
"{'name': None, 'cache': None, 'verbose': False, 'callbacks': None, 'tags': None, 'metadata': None, 'base_url': 'http://localhost:11434', 'model': 'llama2', 'mirostat': None, 'mirostat_eta': None, 'mirostat_tau': None, 'num_ctx': None, 'num_gpu': None, 'num_thread': None, 'num_predict': None, 'repeat_last_n': None, 'repeat_penalty': None, 'temperature': 0.0, 'stop': None, 'tfs_z': None, 'top_k': None, 'top_p': None, 'system': None, 'template': None, 'format': None, 'timeout': None, 'keep_alive': None, 'headers': None, 'callback_manager': None}",Human,,,,1,LLM vs Human
"{'name': None, 'cache': None, 'verbose': False, 'callbacks': None, 'tags': None, 'metadata': None, 'base_url': 'http://localhost:11434', 'model': 'llama2', 'mirostat': None, 'mirostat_eta': None, 'mirostat_tau': None, 'num_ctx': None, 'num_gpu': None, 'num_thread': None, 'num_predict': None, 'repeat_last_n': None, 'repeat_penalty': None, 'temperature': 0.0, 'stop': None, 'tfs_z': None, 'top_k': None, 'top_p': None, 'system': None, 'template': None, 'format': None, 'timeout': None, 'keep_alive': None, 'headers': None, 'callback_manager': None}",Human,,,,1,LLM vs Human
"{'name': None, 'cache': None, 'verbose': False, 'callbacks': None, 'tags': None, 'metadata': None, 'base_url': 'http://localhost:11434', 'model': 'llama2', 'mirostat': None, 'mirostat_eta': None, 'mirostat_tau': None, 'num_ctx': None, 'num_gpu': None, 'num_thread': None, 'num_predict': None, 'repeat_last_n': None, 'repeat_penalty': None, 'temperature': 0.0, 'stop': None, 'tfs_z': None, 'top_k': None, 'top_p': None, 'system': None, 'template': None, 'format': None, 'timeout': None, 'keep_alive': None, 'headers': None, 'callback_manager': None}",Human,,,,1,LLM vs Human
"{'name': None, 'cache': None, 'verbose': False, 'callbacks': None, 'tags': None, 'metadata': None, 'base_url': 'http://localhost:11434', 'model': 'llama2', 'mirostat': None, 'mirostat_eta': None, 'mirostat_tau': None, 'num_ctx': None, 'num_gpu': None, 'num_thread': None, 'num_predict': None, 'repeat_last_n': None, 'repeat_penalty': None, 'temperature': 0.0, 'stop': None, 'tfs_z': None, 'top_k': None, 'top_p': None, 'system': None, 'template': None, 'format': None, 'timeout': None, 'keep_alive': None, 'headers': None, 'callback_manager': None}",Human,,,,1,LLM vs Human
Human,"{'name': None, 'cache': None, 'verbose': False, 'callbacks': None, 'tags': None, 'metadata': None, 'base_url': 'http://localhost:11434', 'model': 'llama2', 'mirostat': None, 'mirostat_eta': None, 'mirostat_tau': None, 'num_ctx': None, 'num_gpu': None, 'num_thread': None, 'num_predict': None, 'repeat_last_n': None, 'repeat_penalty': None, 'temperature': 0.0, 'stop': None, 'tfs_z': None, 'top_k': None, 'top_p': None, 'system': None, 'template': None, 'format': None, 'timeout': None, 'keep_alive': None, 'headers': None, 'callback_manager': None}",,,,1,LLM vs Human
"{'name': None, 'cache': None, 'verbose': False, 'callbacks': None, 'tags': None, 'metadata': None, 'base_url': 'http://localhost:11434', 'model': 'llama2', 'mirostat': None, 'mirostat_eta': None, 'mirostat_tau': None, 'num_ctx': None, 'num_gpu': None, 'num_thread': None, 'num_predict': None, 'repeat_last_n': None, 'repeat_penalty': None, 'temperature': 0.0, 'stop': None, 'tfs_z': None, 'top_k': None, 'top_p': None, 'system': None, 'template': None, 'format': None, 'timeout': None, 'keep_alive': None, 'headers': None, 'callback_manager': None}",Human,,,,0,LLM vs Human
"{'name': None, 'cache': None, 'verbose': False, 'callbacks': None, 'tags': None, 'metadata': None, 'base_url': 'http://localhost:11434', 'model': 'llama2', 'mirostat': None, 'mirostat_eta': None, 'mirostat_tau': None, 'num_ctx': None, 'num_gpu': None, 'num_thread': None, 'num_predict': None, 'repeat_last_n': None, 'repeat_penalty': None, 'temperature': 0.0, 'stop': None, 'tfs_z': None, 'top_k': None, 'top_p': None, 'system': None, 'template': None, 'format': None, 'timeout': None, 'keep_alive': None, 'headers': None, 'callback_manager': None}",Human,,,,1,LLM vs Human
"{'name': None, 'cache': None, 'verbose': False, 'callbacks': None, 'tags': None, 'metadata': None, 'base_url': 'http://localhost:11434', 'model': 'llama2', 'mirostat': None, 'mirostat_eta': None, 'mirostat_tau': None, 'num_ctx': None, 'num_gpu': None, 'num_thread': None, 'num_predict': None, 'repeat_last_n': None, 'repeat_penalty': None, 'temperature': 0.0, 'stop': None, 'tfs_z': None, 'top_k': None, 'top_p': None, 'system': None, 'template': None, 'format': None, 'timeout': None, 'keep_alive': None, 'headers': None, 'callback_manager': None}",Human,,,,1,LLM vs Human
"{'name': None, 'cache': None, 'verbose': False, 'callbacks': None, 'tags': None, 'metadata': None, 'base_url': 'http://localhost:11434', 'model': 'llama2', 'mirostat': None, 'mirostat_eta': None, 'mirostat_tau': None, 'num_ctx': None, 'num_gpu': None, 'num_thread': None, 'num_predict': None, 'repeat_last_n': None, 'repeat_penalty': None, 'temperature': 0.0, 'stop': None, 'tfs_z': None, 'top_k': None, 'top_p': None, 'system': None, 'template': None, 'format': None, 'timeout': None, 'keep_alive': None, 'headers': None, 'callback_manager': None}",Human,,,,1,LLM vs Human
"{'name': None, 'cache': None, 'verbose': False, 'callbacks': None, 'tags': None, 'metadata': None, 'base_url': 'http://localhost:11434', 'model': 'llama2', 'mirostat': None, 'mirostat_eta': None, 'mirostat_tau': None, 'num_ctx': None, 'num_gpu': None, 'num_thread': None, 'num_predict': None, 'repeat_last_n': None, 'repeat_penalty': None, 'temperature': 0.0, 'stop': None, 'tfs_z': None, 'top_k': None, 'top_p': None, 'system': None, 'template': None, 'format': None, 'timeout': None, 'keep_alive': None, 'headers': None, 'callback_manager': None}",Human,,,,0,LLM vs Human
"{'name': None, 'cache': None, 'verbose': False, 'callbacks': None, 'tags': None, 'metadata': None, 'base_url': 'http://localhost:11434', 'model': 'llama2', 'mirostat': None, 'mirostat_eta': None, 'mirostat_tau': None, 'num_ctx': None, 'num_gpu': None, 'num_thread': None, 'num_predict': None, 'repeat_last_n': None, 'repeat_penalty': None, 'temperature': 0.0, 'stop': None, 'tfs_z': None, 'top_k': None, 'top_p': None, 'system': None, 'template': None, 'format': None, 'timeout': None, 'keep_alive': None, 'headers': None, 'callback_manager': None}",Human,,,,1,LLM vs Human
"{'name': None, 'cache': None, 'verbose': False, 'callbacks': None, 'tags': None, 'metadata': None, 'base_url': 'http://localhost:11434', 'model': 'llama2', 'mirostat': None, 'mirostat_eta': None, 'mirostat_tau': None, 'num_ctx': None, 'num_gpu': None, 'num_thread': None, 'num_predict': None, 'repeat_last_n': None, 'repeat_penalty': None, 'temperature': 0.0, 'stop': None, 'tfs_z': None, 'top_k': None, 'top_p': None, 'system': None, 'template': None, 'format': None, 'timeout': None, 'keep_alive': None, 'headers': None, 'callback_manager': None}",Human,,,,1,LLM vs Human
"{'name': None, 'cache': None, 'verbose': False, 'callbacks': None, 'tags': None, 'metadata': None, 'base_url': 'http://localhost:11434', 'model': 'llama2', 'mirostat': None, 'mirostat_eta': None, 'mirostat_tau': None, 'num_ctx': None, 'num_gpu': None, 'num_thread': None, 'num_predict': None, 'repeat_last_n': None, 'repeat_penalty': None, 'temperature': 0.0, 'stop': None, 'tfs_z': None, 'top_k': None, 'top_p': None, 'system': None, 'template': None, 'format': None, 'timeout': None, 'keep_alive': None, 'headers': None, 'callback_manager': None}",Human,,,,1,LLM vs Human
"{'name': None, 'cache': None, 'verbose': False, 'callbacks': None, 'tags': None, 'metadata': None, 'base_url': 'http://localhost:11434', 'model': 'llama2', 'mirostat': None, 'mirostat_eta': None, 'mirostat_tau': None, 'num_ctx': None, 'num_gpu': None, 'num_thread': None, 'num_predict': None, 'repeat_last_n': None, 'repeat_penalty': None, 'temperature': 0.0, 'stop': None, 'tfs_z': None, 'top_k': None, 'top_p': None, 'system': None, 'template': None, 'format': None, 'timeout': None, 'keep_alive': None, 'headers': None, 'callback_manager': None}",Human,,,,1,LLM vs Human
"{'name': None, 'cache': None, 'verbose': False, 'callbacks': None, 'tags': None, 'metadata': None, 'base_url': 'http://localhost:11434', 'model': 'llama2', 'mirostat': None, 'mirostat_eta': None, 'mirostat_tau': None, 'num_ctx': None, 'num_gpu': None, 'num_thread': None, 'num_predict': None, 'repeat_last_n': None, 'repeat_penalty': None, 'temperature': 0.0, 'stop': None, 'tfs_z': None, 'top_k': None, 'top_p': None, 'system': None, 'template': None, 'format': None, 'timeout': None, 'keep_alive': None, 'headers': None, 'callback_manager': None}",Human,,,,0,LLM vs Human
Human,"{'name': None, 'cache': None, 'verbose': False, 'callbacks': None, 'tags': None, 'metadata': None, 'base_url': 'http://localhost:11434', 'model': 'llama2', 'mirostat': None, 'mirostat_eta': None, 'mirostat_tau': None, 'num_ctx': None, 'num_gpu': None, 'num_thread': None, 'num_predict': None, 'repeat_last_n': None, 'repeat_penalty': None, 'temperature': 0.0, 'stop': None, 'tfs_z': None, 'top_k': None, 'top_p': None, 'system': None, 'template': None, 'format': None, 'timeout': None, 'keep_alive': None, 'headers': None, 'callback_manager': None}",,,,1,LLM vs Human
Human,"{'name': None, 'cache': None, 'verbose': False, 'callbacks': None, 'tags': None, 'metadata': None, 'base_url': 'http://localhost:11434', 'model': 'llama2', 'mirostat': None, 'mirostat_eta': None, 'mirostat_tau': None, 'num_ctx': None, 'num_gpu': None, 'num_thread': None, 'num_predict': None, 'repeat_last_n': None, 'repeat_penalty': None, 'temperature': 0.0, 'stop': None, 'tfs_z': None, 'top_k': None, 'top_p': None, 'system': None, 'template': None, 'format': None, 'timeout': None, 'keep_alive': None, 'headers': None, 'callback_manager': None}",,,,1,LLM vs Human
Human,"{'name': None, 'cache': None, 'verbose': False, 'callbacks': None, 'tags': None, 'metadata': None, 'base_url': 'http://localhost:11434', 'model': 'llama2', 'mirostat': None, 'mirostat_eta': None, 'mirostat_tau': None, 'num_ctx': None, 'num_gpu': None, 'num_thread': None, 'num_predict': None, 'repeat_last_n': None, 'repeat_penalty': None, 'temperature': 0.0, 'stop': None, 'tfs_z': None, 'top_k': None, 'top_p': None, 'system': None, 'template': None, 'format': None, 'timeout': None, 'keep_alive': None, 'headers': None, 'callback_manager': None}",,,,1,LLM vs Human
Human,"{'name': None, 'cache': None, 'verbose': False, 'callbacks': None, 'tags': None, 'metadata': None, 'base_url': 'http://localhost:11434', 'model': 'llama2', 'mirostat': None, 'mirostat_eta': None, 'mirostat_tau': None, 'num_ctx': None, 'num_gpu': None, 'num_thread': None, 'num_predict': None, 'repeat_last_n': None, 'repeat_penalty': None, 'temperature': 0.0, 'stop': None, 'tfs_z': None, 'top_k': None, 'top_p': None, 'system': None, 'template': None, 'format': None, 'timeout': None, 'keep_alive': None, 'headers': None, 'callback_manager': None}",,,,1,LLM vs Human
Human,"{'name': None, 'cache': None, 'verbose': False, 'callbacks': None, 'tags': None, 'metadata': None, 'base_url': 'http://localhost:11434', 'model': 'llama2', 'mirostat': None, 'mirostat_eta': None, 'mirostat_tau': None, 'num_ctx': None, 'num_gpu': None, 'num_thread': None, 'num_predict': None, 'repeat_last_n': None, 'repeat_penalty': None, 'temperature': 0.0, 'stop': None, 'tfs_z': None, 'top_k': None, 'top_p': None, 'system': None, 'template': None, 'format': None, 'timeout': None, 'keep_alive': None, 'headers': None, 'callback_manager': None}",,,,1,LLM vs Human
Human,"{'name': None, 'cache': None, 'verbose': False, 'callbacks': None, 'tags': None, 'metadata': None, 'base_url': 'http://localhost:11434', 'model': 'llama2', 'mirostat': None, 'mirostat_eta': None, 'mirostat_tau': None, 'num_ctx': None, 'num_gpu': None, 'num_thread': None, 'num_predict': None, 'repeat_last_n': None, 'repeat_penalty': None, 'temperature': 0.0, 'stop': None, 'tfs_z': None, 'top_k': None, 'top_p': None, 'system': None, 'template': None, 'format': None, 'timeout': None, 'keep_alive': None, 'headers': None, 'callback_manager': None}",,,,1,LLM vs Human
"{'name': None, 'cache': None, 'verbose': False, 'callbacks': None, 'tags': None, 'metadata': None, 'base_url': 'http://localhost:11434', 'model': 'llama2', 'mirostat': None, 'mirostat_eta': None, 'mirostat_tau': None, 'num_ctx': None, 'num_gpu': None, 'num_thread': None, 'num_predict': None, 'repeat_last_n': None, 'repeat_penalty': None, 'temperature': 0.0, 'stop': None, 'tfs_z': None, 'top_k': None, 'top_p': None, 'system': None, 'template': None, 'format': None, 'timeout': None, 'keep_alive': None, 'headers': None, 'callback_manager': None}",Human,,,,0,LLM vs Human
"{'name': None, 'cache': None, 'verbose': False, 'callbacks': None, 'tags': None, 'metadata': None, 'base_url': 'http://localhost:11434', 'model': 'llama2', 'mirostat': None, 'mirostat_eta': None, 'mirostat_tau': None, 'num_ctx': None, 'num_gpu': None, 'num_thread': None, 'num_predict': None, 'repeat_last_n': None, 'repeat_penalty': None, 'temperature': 0.0, 'stop': None, 'tfs_z': None, 'top_k': None, 'top_p': None, 'system': None, 'template': None, 'format': None, 'timeout': None, 'keep_alive': None, 'headers': None, 'callback_manager': None}",Human,,,,1,LLM vs Human
"{'name': None, 'cache': None, 'verbose': False, 'callbacks': None, 'tags': None, 'metadata': None, 'base_url': 'http://localhost:11434', 'model': 'llama2', 'mirostat': None, 'mirostat_eta': None, 'mirostat_tau': None, 'num_ctx': None, 'num_gpu': None, 'num_thread': None, 'num_predict': None, 'repeat_last_n': None, 'repeat_penalty': None, 'temperature': 0.0, 'stop': None, 'tfs_z': None, 'top_k': None, 'top_p': None, 'system': None, 'template': None, 'format': None, 'timeout': None, 'keep_alive': None, 'headers': None, 'callback_manager': None}",Human,,,,1,LLM vs Human
"{'name': None, 'cache': None, 'verbose': False, 'callbacks': None, 'tags': None, 'metadata': None, 'base_url': 'http://localhost:11434', 'model': 'llama2', 'mirostat': None, 'mirostat_eta': None, 'mirostat_tau': None, 'num_ctx': None, 'num_gpu': None, 'num_thread': None, 'num_predict': None, 'repeat_last_n': None, 'repeat_penalty': None, 'temperature': 0.0, 'stop': None, 'tfs_z': None, 'top_k': None, 'top_p': None, 'system': None, 'template': None, 'format': None, 'timeout': None, 'keep_alive': None, 'headers': None, 'callback_manager': None}",Human,,,,0,LLM vs Human
"{'name': None, 'cache': None, 'verbose': False, 'callbacks': None, 'tags': None, 'metadata': None, 'base_url': 'http://localhost:11434', 'model': 'llama2', 'mirostat': None, 'mirostat_eta': None, 'mirostat_tau': None, 'num_ctx': None, 'num_gpu': None, 'num_thread': None, 'num_predict': None, 'repeat_last_n': None, 'repeat_penalty': None, 'temperature': 0.0, 'stop': None, 'tfs_z': None, 'top_k': None, 'top_p': None, 'system': None, 'template': None, 'format': None, 'timeout': None, 'keep_alive': None, 'headers': None, 'callback_manager': None}",Human,,,,0,LLM vs Human
"{'name': None, 'cache': None, 'verbose': False, 'callbacks': None, 'tags': None, 'metadata': None, 'base_url': 'http://localhost:11434', 'model': 'llama2', 'mirostat': None, 'mirostat_eta': None, 'mirostat_tau': None, 'num_ctx': None, 'num_gpu': None, 'num_thread': None, 'num_predict': None, 'repeat_last_n': None, 'repeat_penalty': None, 'temperature': 0.0, 'stop': None, 'tfs_z': None, 'top_k': None, 'top_p': None, 'system': None, 'template': None, 'format': None, 'timeout': None, 'keep_alive': None, 'headers': None, 'callback_manager': None}",Human,,,,1,LLM vs Human
"{'name': None, 'cache': None, 'verbose': False, 'callbacks': None, 'tags': None, 'metadata': None, 'base_url': 'http://localhost:11434', 'model': 'llama2', 'mirostat': None, 'mirostat_eta': None, 'mirostat_tau': None, 'num_ctx': None, 'num_gpu': None, 'num_thread': None, 'num_predict': None, 'repeat_last_n': None, 'repeat_penalty': None, 'temperature': 0.0, 'stop': None, 'tfs_z': None, 'top_k': None, 'top_p': None, 'system': None, 'template': None, 'format': None, 'timeout': None, 'keep_alive': None, 'headers': None, 'callback_manager': None}",Human,,,,1,LLM vs Human
"{'name': None, 'cache': None, 'verbose': False, 'callbacks': None, 'tags': None, 'metadata': None, 'base_url': 'http://localhost:11434', 'model': 'llama2', 'mirostat': None, 'mirostat_eta': None, 'mirostat_tau': None, 'num_ctx': None, 'num_gpu': None, 'num_thread': None, 'num_predict': None, 'repeat_last_n': None, 'repeat_penalty': None, 'temperature': 0.0, 'stop': None, 'tfs_z': None, 'top_k': None, 'top_p': None, 'system': None, 'template': None, 'format': None, 'timeout': None, 'keep_alive': None, 'headers': None, 'callback_manager': None}",Human,,,,1,LLM vs Human
